Date,Close,High,Low,Open,Volume
2022-12-13,143.30804443359375,147.7411660018872,142.09632874722436,147.2781498799709,93886200
2022-12-14,141.08160400390625,144.48032672192886,139.06206832067184,143.18979848966035,82291200
2022-12-15,134.47134399414062,139.69257867211073,134.00832790749715,139.01283101163355,98931900
2022-12-16,132.51089477539062,135.6042272094749,131.74248840865712,134.65850323442362,160156900
2022-12-19,130.4027099609375,133.1906522558453,129.36832710470327,133.10199344508453,79592600
2022-12-20,130.33377075195312,131.26964891983806,127.95958437581338,129.43729149310985,77432800
2022-12-21,133.43695068359375,134.7767390812449,130.77708085896677,131.00365840968308,85928000
2022-12-22,130.26480102539062,132.56017450128888,128.3634917913713,132.35330392731453,77852100
2022-12-23,129.90029907226562,130.4519739547497,127.71329147955147,128.974266934376,63814900
2022-12-27,128.0974884033203,129.45698360544398,126.80696007412172,129.42743066905106,69007800
2022-12-28,124.16678619384766,129.08262238361158,123.99931454878694,127.74283419111387,85438400
2022-12-29,127.68370819091797,128.54077324876366,125.83165187138442,126.0877822825082,75703700
2022-12-30,127.99894714355469,128.0186541085182,125.53611015946498,126.50154851054427,77034200
2023-01-03,123.2112045288086,128.9545531314731,122.32457886036785,128.34377240566315,112117500
2023-01-04,124.4820327758789,126.74785308207225,123.22105739420844,125.00415469022626,89113600
2023-01-05,123.16194152832031,125.87107085400619,122.90581107632524,125.24058317585433,80962700
2023-01-06,127.69356536865234,128.35360593496887,123.03386747187416,124.13722458745222,87754700
2023-01-09,128.21568298339844,131.4272419402479,127.95955255827974,128.53093430540028,70790800
2023-01-10,128.78707885742188,129.30920076375085,126.21586822934367,128.32406282244906,63896200
2023-01-11,131.50607299804688,131.52576493439358,128.52110615216108,129.29935853420528,69458900
2023-01-12,131.42727661132812,132.26463497127472,129.4865533653131,131.89029271765745,71379600
2023-01-13,132.75717163085938,132.9147972949888,129.70325330640753,130.0677495016975,57809700
2023-01-17,133.91966247558594,135.24958975985854,132.1365650960417,132.82615869144374,63646600
2023-01-18,133.20053100585938,136.54999458059902,133.02319832869463,134.78660397065414,69672800
2023-01-19,133.25961303710938,134.22504400705918,131.78190613060963,132.08729648616435,58280400
2023-01-20,135.8209686279297,135.9687483442848,132.22522101014553,133.26946486486585,80223600
2023-01-23,139.0128173828125,141.18997887668803,135.85051793428082,136.06724948686616,81760300
2023-01-24,140.4117431640625,141.03238502581226,138.21488923833545,138.22473520857972,66435100
2023-01-25,139.75169372558594,140.31321463501226,136.74701946562928,138.79610855058309,65799300
2023-01-26,141.82044982910156,142.10613318815084,139.79105325512376,141.04218251884544,54105100
2023-01-27,143.76116943359375,145.04185173584784,140.95353538112576,141.03234821855804,70555800
2023-01-30,140.87472534179688,143.38683009380475,140.7269606636837,142.8056023172103,64015300
2023-01-31,142.14553833007812,142.19479823056315,140.1654165994733,140.57917270592753,65874500
2023-02-01,143.2686309814453,144.4311017910948,139.21972769926688,141.83033773006647,77663600
2023-02-02,148.57850646972656,148.9331416858034,145.96788199485025,146.68702845858084,118339000
2023-02-03,152.20379638671875,155.04099817815143,145.63292879315281,145.82995335488886,154357300
2023-02-06,149.4749755859375,150.82462478693864,148.53909754834626,150.30250288074524,69858300
2023-02-07,152.35159301757812,152.92297488891165,148.40119485902974,148.40119485902974,83322600
2023-02-08,149.66213989257812,152.28261017293363,148.92328650742598,151.59301668652708,64120100
2023-02-09,148.6277618408203,152.0363458567265,148.18445275739066,151.49451696275133,56007100
2023-02-10,148.99282836914062,149.31842209117474,147.226745512614,147.46354505272012,57450700
2023-02-13,151.79489135742188,152.19940317198714,148.90402220916044,148.9336202674222,62199000
2023-02-14,151.15357971191406,151.7159729836762,148.84484061249728,150.08800434565288,61707600
2023-02-15,153.255126953125,153.4228543120151,150.83785669682248,151.06478017591323,65573800
2023-02-16,151.6567840576172,154.24178188706213,151.3015922520093,151.45944356730615,68167900
2023-02-17,150.51223754882812,150.95622343027773,148.83494918837297,150.31491216317963,59144100
2023-02-21,146.49661254882812,149.27895045459564,146.42755543146694,148.19363813923312,58867200
2023-02-22,146.92086791992188,147.94696900428042,145.19424437189434,146.88139380804506,51011300
2023-02-23,147.40432739257812,148.33177339849212,145.27319184522457,148.08511286734324,48394200
2023-02-24,144.750244140625,145.22382805152512,143.77346321036748,145.14489489054824,55469600
2023-02-27,145.94412231445312,147.17742514808828,145.480399244609,145.7369358691835,44998500
2023-02-28,145.44090270996094,147.08859306462728,144.8686485359811,145.08571098317904,50547000
2023-03-01,143.3689422607422,145.26329303666353,143.0729466587316,144.8686422706239,55479000
2023-03-02,143.96095275878906,144.75026945161636,141.977792498003,142.4513915466776,52238100
2023-03-03,149.01255798339844,149.0914911594904,145.36198515518814,146.0624926286878,70732300
2023-03-06,151.77516174316406,154.21216902598104,151.41010897005816,151.7356876269036,87558000
2023-03-07,149.574951171875,151.9724842932115,149.1112281718285,151.64689058754286,56182000
2023-03-08,150.82798767089844,151.41997901042942,149.80188641133856,150.76879154793838,47204800
2023-03-09,148.5784149169922,152.47564779944702,148.22322319539091,151.50874285646216,53833600
2023-03-10,146.51634216308594,148.92375113671451,145.63823135434072,148.20350666672326,68572400
2023-03-13,148.46002197265625,151.09435428881787,145.72701943515565,145.83555065664373,84457100
2023-03-14,150.5517120361328,151.35088971565344,148.09498288130473,149.25921331444258,73695900
2023-03-15,150.9464111328125,151.20293271142558,147.91741204069223,149.1704519790422,77167900
2023-03-16,153.76817321777344,154.3700254849667,149.6144034630521,150.127461556798,76161100
2023-03-17,152.92953491210938,154.64629769155513,152.21915135199143,153.99511025228628,98944600
2023-03-20,155.2974395751953,155.71184244967856,152.0908531826233,152.99857704057916,73641400
2023-03-21,157.15235900878906,157.2707512481165,154.44895412275298,155.21854884327422,73938300
2023-03-22,155.72169494628906,159.97411918282307,155.70195789263863,157.17205976289748,75701800
2023-03-23,156.80702209472656,159.39203464017027,155.57371946683134,156.70836691747317,67622100
2023-03-24,158.10940551757812,158.19819969843707,155.74147036488569,156.73797352277555,59196500
2023-03-27,156.1657257080078,158.6224701978729,155.76119879412065,157.80355536791788,52390300
2023-03-28,155.5441131591797,156.3729039229444,153.8964227422894,155.85984584155918,45992200
2023-03-29,158.6224822998047,158.89874093159347,157.2214520800284,157.2411740858945,51305700
2023-03-30,160.1912384033203,160.29976965443572,159.1158019499735,159.37232351853436,49501700
2023-03-31,162.69728088378906,162.79595111857384,159.74723055627194,160.27014967971024,68749800
2023-04-03,163.9503173828125,164.06870961825848,162.02636828199599,162.07570339841976,56976200
2023-04-04,163.41754150390625,164.61137005549932,162.90448337873613,164.37458557847017,46278300
2023-04-05,161.57249450683594,162.84527116493152,159.6386845457234,162.53941454235493,51511700
2023-04-06,162.46047973632812,162.75647535534287,159.83600833200663,160.26025717712315,45390100
2023-04-10,159.86563110351562,159.86563110351562,157.94168186492254,159.26377877195932,47716900
2023-04-11,158.65203857421875,160.191197704471,158.36590395989919,160.18133670413533,47644200
2023-04-12,157.96144104003906,159.89525155138986,157.6457082720823,159.0664756179538,50133100
2023-04-13,163.34844970703125,163.58524921058068,159.26375236431844,159.4709538117945,68445600
2023-04-14,163.0031280517578,164.09830125116352,161.63169630249857,162.39139978711486,49386500
2023-04-17,163.0228729248047,163.1807392768596,161.83890539432053,162.8847436304976,41516200
2023-04-18,164.24630737304688,165.1737533320214,163.4372536454433,163.88125462301093,49923000
2023-04-19,165.39080810546875,165.91372717633618,163.32871482350347,163.58525138616776,47720200
2023-04-20,164.4239044189453,165.62760901810955,163.34846811386117,163.87138723669895,52456400
2023-04-21,162.81565856933594,164.2265493294176,162.29273954098778,162.8452566233963,58337300
2023-04-24,163.12155151367188,163.387949114539,161.70078438233358,162.79595779149312,41949600
2023-04-25,161.58238220214844,164.08844653165775,161.54290808705858,162.98341218856248,48714100
2023-04-26,161.57249450683594,163.07219461797823,160.6253265824028,160.8818480921529,45498800
2023-04-27,166.16041564941406,166.30840595665688,162.98342657757053,162.98342657757053,64902300
2023-04-28,167.41343688964844,167.58117930762924,165.63749302008387,166.23934534853646,55275900
2023-05-01,167.3246307373047,168.17314354860417,166.387323749872,167.0187740939811,52472900
2023-05-02,166.28863525390625,168.07446991146244,165.30199325866423,167.8179333575238,48425700
2023-05-03,165.21322631835938,168.63687581044152,164.92710671677185,167.23584575291258,65136000
2023-05-04,163.57540893554688,164.80871172491695,162.1151826483231,162.6874369491867,81235400
2023-05-05,171.25146484375,171.9717093122383,168.478988085668,168.69605053726107,113453200
2023-05-08,171.1824188232422,171.52774960942492,169.81098679048802,170.17603958076435,55962800
2023-05-09,169.47552490234375,171.22187065365208,169.3077975448434,170.73842563937583,45326900
2023-05-10,171.2416229248047,171.70534597701706,169.6037932108191,170.7088427451169,53724500
2023-05-11,171.42909240722656,172.25786829114014,169.87019583226564,171.5277626550589,49514700
2023-05-12,170.50035095214844,171.97247152405595,168.94917294661113,171.5377460938216,45533100
2023-05-15,170.00631713867188,171.1326441539854,169.4135070987024,171.08324080469038,37266700
2023-05-16,170.00631713867188,171.06347644981523,169.73955111310707,169.92727479495693,42110300
2023-05-17,170.61891174316406,170.85602374756016,168.37613188825594,169.65066921503973,57951600
2023-05-18,172.9506072998047,173.13833101906644,170.51022910097907,170.92519018134206,65496700
2023-05-19,173.0592803955078,174.27452457823847,172.84191768629904,174.27452457823847,55809500
2023-05-22,172.1107940673828,172.61468722054929,171.3697889134683,171.89343134950482,43570900
2023-05-23,169.50247192382812,171.30065183036018,169.22583118063702,171.05365008995454,50747300
2023-05-24,169.7790985107422,170.35214430979713,168.4749372695529,169.03809335131075,45143500
2023-05-25,170.91531372070312,171.814388514026,169.63090177565675,170.3422679275043,56058300
2023-05-26,173.32601928710938,173.66195304430255,171.03385143516303,171.24133948884744,54835000
2023-05-30,175.17361450195312,176.84334846181008,174.45237373510062,174.8376957969301,55964400
2023-05-31,175.1242218017578,177.19904230758075,174.64009299685546,175.20326416230037,99625300
2023-06-01,177.93016052246094,177.95979952365096,174.8080550736066,175.568824614325,68901800
2023-06-02,178.7798309326172,179.5998784017098,177.11009699591673,178.8588732872537,61996900
2023-06-05,177.42625427246094,182.7318457046313,175.90471543246178,180.43967788018574,121946500
2023-06-06,177.06069946289062,177.95977416384898,175.30203354675976,177.81157917901706,64848400
2023-06-07,175.6873779296875,179.03672040758232,175.19337452542106,176.29993732672585,61944600
2023-06-08,178.40438842773438,178.67113939917257,175.3316867918341,175.76639710388454,50214900
2023-06-09,178.78973388671875,180.0444917855316,178.4636898031236,179.32325097528164,48900000
2023-06-12,181.58578491210938,181.68459163427195,178.79961324143656,179.09601833213515,54274900
2023-06-13,181.11151123046875,181.9414332653256,180.2519501997803,180.60763322554558,54929100
2023-06-14,181.7438507080078,182.1785761189824,179.8370047903456,181.17080494588566,57462900
2023-06-15,183.7791290283203,184.2830221162751,181.57587821037063,181.75372726370364,65433200
2023-06-16,182.70223999023438,184.74742157511324,182.06004151498252,184.490530124381,101256200
2023-06-20,182.79112243652344,183.8680612460024,182.19832743508823,182.19832743508823,49799100
2023-06-21,181.75375366210938,183.18636063386023,180.40017397466633,182.68246747271866,49515700
2023-06-22,184.7572479248047,184.8066512736315,181.46718389330616,181.5363515968208,51245300
2023-06-23,184.44110107421875,185.31055187722217,182.79113153727351,183.3246636484937,53117000
2023-06-26,183.04803466796875,185.79469252512132,183.00850595123646,184.58932295318664,48088700
2023-06-27,185.80458068847656,186.13062478419894,183.4432447307805,183.6606074612621,50730800
2023-06-28,186.98028564453125,187.6224840299043,185.3500804657921,185.67610944091012,51216800
2023-06-29,187.3162384033203,187.79049260495555,186.6740399011505,186.81236027434662,46347300
2023-06-30,191.6436767578125,192.14755478947328,188.9661717445866,189.33174450555188,85213200
2023-07-03,190.1518096923828,191.5547776450248,189.46019281962833,191.45597092726317,31458200
2023-07-05,189.03536987304688,190.6655752957469,188.33387831143204,189.2724969662243,46920300
2023-07-06,189.5095977783203,189.71708585705593,186.93089921117289,187.56322301313529,45094300
2023-07-07,188.3931427001953,190.3592817984136,187.9584323411384,189.11439856972888,46815000
2023-07-10,186.3479766845703,187.71143099184326,184.79679865953796,186.9901751208951,59922200
2023-07-11,185.8243408203125,187.02971045254367,184.36209481962464,186.8913900886379,46638100
2023-07-12,187.49404907226562,189.4008949030878,186.2096372553674,187.4051170053163,60750200
2023-07-13,188.2548065185547,188.89701997543003,187.5039267878899,188.21529288043007,41342300
2023-07-14,188.40301513671875,188.88712881002033,187.35573036289856,187.948525384943,41616200
2023-07-17,191.66346740722656,191.98951149918832,189.50960448705806,189.59852149146877,50520200
2023-07-18,191.4065704345703,191.9993805984401,190.1122838217696,191.0311380681889,48288200
2023-07-19,192.7601318359375,195.85258285437448,190.3395031262878,190.7841182449009,80507300
2023-07-20,190.81375122070312,194.1136901954007,190.19130213491889,192.7502360363635,59581200
2023-07-21,189.6380157470703,192.63167495782974,188.93652432958442,191.77211391982547,71951700
2023-07-24,190.4383087158203,192.57240699977407,189.94430532096735,191.09039681521514,45377800
2023-07-25,191.2978973388672,192.1080702594407,190.60629550166382,191.01138196195058,37283200
2023-07-26,192.16734313964844,193.2936704090035,191.00150222741644,191.34729559890386,47471900
2023-07-27,190.90269470214844,194.83495794865564,190.24073188727883,193.66911704133602,47460200
2023-07-28,193.4813690185547,194.2717774555962,191.81163515269853,192.33527753863382,48291400
2023-07-31,194.09393310546875,194.13346181996275,192.91820259976402,193.70861105598286,38824100
2023-08-01,193.2640380859375,194.37060103419574,192.93799398672795,193.8864872822275,35175100
2023-08-02,190.27035522460938,192.83916391140565,189.54911446715442,192.70084355962268,50389300
2023-08-03,188.87725830078125,190.06286344658966,188.40301925761534,189.27247006657564,61235200
2023-08-04,179.80735778808594,185.13271368389906,179.73819007769725,183.295020485719,115956800
2023-08-07,176.7050323486328,180.93370048918646,175.2230220636036,179.9456936325003,97576100
2023-08-08,177.6436309814453,178.10799539743132,175.45025461361834,177.5349496271552,67823000
2023-08-09,176.0529327392578,178.76006170176663,174.88707688488682,178.70078370635215,60378500
2023-08-10,175.8355712890625,178.58222898523437,175.47001359754938,177.3274561288203,54686900
2023-08-11,175.89491271972656,176.71606748177,174.66813966002076,175.42993638319382,52036700
2023-08-14,177.547119140625,177.77466331376394,175.42002721282074,176.07299580997798,43675600
2023-08-15,175.55857849121094,177.56693975444728,175.1628480821964,176.97334414092546,43622600
2023-08-16,174.68795776367188,176.63694575843348,174.61869664349865,175.24198634047178,46964900
2023-08-17,172.1453399658203,175.6179215615527,171.6308784010705,175.25187020963352,66062900
2023-08-18,172.63011169433594,173.23361029129558,170.12708024206367,170.46345254957686,61172200
2023-08-21,173.96572875976562,174.25264612165492,171.88812158676677,173.20394701107267,46311900
2023-08-22,175.3408966064453,175.78609702554508,174.37134667878323,175.17271045239184,42038900
2023-08-23,179.18942260742188,179.61484705303545,176.42916808280543,176.6171452729967,52722800
2023-08-24,174.4999542236328,179.16964451815014,174.1338878222112,178.74422007761805,54945800
2023-08-25,176.70619201660156,177.2404295003986,173.9459373407173,175.4893068451812,51449600
2023-08-28,178.26934814453125,178.6650784859593,176.64682959084442,178.17040801110178,43820700
2023-08-29,182.15745544433594,182.9291401969668,177.58670497165372,177.78457014737916,53003900
2023-08-30,185.6498260498047,185.84770631972717,182.77085531463172,182.9687204884091,60813900
2023-08-31,185.86749267578125,187.10416895130786,185.48165028166278,185.8378136528603,60794500
2023-09-01,187.4405517578125,187.89564016216337,186.27312153245367,187.47023078000296,45766500
2023-09-05,187.67799377441406,187.9550080601447,185.6102746073009,186.27313129788112,45280000
2023-09-06,180.96035766601562,186.83704535292617,179.5357042757167,186.39182984634905,81755800
2023-09-07,175.6674041748047,176.3104849506932,171.69024870609164,173.31276751432003,112488800
2023-09-08,176.28076171875,178.31881673909905,175.89491935539235,176.44896296342043,65551300
2023-09-11,177.44821166992188,178.3781946740771,175.44973851819339,178.15065045906456,58953100
2023-09-12,174.4208221435547,178.2100000030001,172.95660168355545,177.57682236385347,90370200
2023-09-13,172.35308837890625,175.41014819975618,172.12552909799857,174.6285604188278,84267900
2023-09-14,173.86679077148438,174.22295413122683,171.72981061302968,172.14533201670497,60895800
2023-09-15,173.14456176757812,174.61868528190746,171.967258666553,174.59889423512476,109259500
2023-09-18,176.07302856445312,177.46800307348116,174.2922116482627,174.59890495957814,67257600
2023-09-19,177.16128540039062,177.71531389898738,175.2419616044344,175.6278039585389,51826900
2023-09-20,173.6194610595703,177.78457830053213,173.5304088946865,177.3492658362857,58436200
2023-09-21,172.07608032226562,174.42082885900223,172.006834299268,172.68948203416045,63149100
2023-09-22,172.92691040039062,175.19250979208792,172.19480770645978,172.8081943086496,56725400
2023-09-25,174.2031707763672,175.08368369125543,172.29373473406022,172.3432048049037,46172700
2023-09-26,170.12709045410156,173.3325457352886,169.83028512536117,172.95660640862047,64588900
2023-09-27,168.61337280273438,171.19555331579562,167.24809254140138,170.7800319235512,66921800
2023-09-28,168.87063598632812,170.19634944676713,165.8333515413796,167.53501945328387,56294400
2023-09-29,169.3850860595703,171.2252609973693,168.5243490895999,170.18644988639232,51861100
2023-10-02,171.8979949951172,172.4421355524603,169.10804618991,169.39496352748424,52164500
2023-10-03,170.5623779296875,171.77927819729268,168.99923247491208,170.42387079713225,49594600
2023-10-04,171.8089599609375,172.3531005247124,169.14763028223018,169.26634637027362,53020300
2023-10-05,173.04563903808594,173.57987653919332,170.83939772477277,171.93756684563112,48527900
2023-10-06,175.59815979003906,176.09283034712797,171.33408690716874,171.94748866333921,57266700
2023-10-09,177.0821533203125,177.1415113656987,173.92615307401468,174.9253820623563,42390800
2023-10-10,176.48855590820312,177.80438136546655,176.0532434145344,176.20165363527434,43698000
2023-10-11,177.88352966308594,177.9329997364432,175.7069823006886,176.30057789253502,47551100
2023-10-12,178.7838134765625,180.39642899359671,177.13160077070958,178.1506358590928,56743100
2023-10-13,176.94366455078125,179.9908219020002,176.24122571645097,179.48626336769357,51427100
2023-10-16,176.8150177001953,177.17118104988546,174.6285675347915,174.86601479996662,52517000
2023-10-17,175.2617645263672,176.51823191229096,172.93682206936518,174.76709399132676,57549400
2023-10-18,173.96572875976562,175.68718764266174,173.24351401125745,173.7085055181981,54764400
2023-10-19,173.58978271484375,175.9444040866048,173.32265641144056,174.16358722416024,59302900
2023-10-20,171.03729248046875,173.55021220691836,170.79984518424126,173.44138408316581,64244000
2023-10-23,171.15597534179688,172.15520421409377,168.11869153900426,169.08825648819888,55980100
2023-10-24,171.59130859375,171.81885280099095,169.62251453312876,171.20546620053886,43816600
2023-10-25,169.27626037597656,171.21536038795298,168.83104482476435,170.04794519039626,57157000
2023-10-26,165.1111297607422,169.55327657792432,163.90413245355498,168.55403244057868,70625300
2023-10-27,166.42694091796875,167.1590586780216,165.05175755916278,165.13090664912622,58499100
2023-10-30,168.47488403320312,169.3455090048735,167.07002152646473,167.218431744534,51131000
2023-10-31,168.9497833251953,169.07838740239757,166.1103641120373,167.54492077929578,44846000
2023-11-01,172.1156463623047,172.37286957481675,168.30667766450742,169.1773025316942,56934900
2023-11-02,175.6772918701172,175.88504503012373,173.58978171760563,173.64913976332178,77334800
2023-11-03,174.76705932617188,174.9352605593319,171.50224651940002,172.38275929327585,79829200
2023-11-06,177.319580078125,177.51744525540883,174.3317811800047,174.49996733550321,63841300
2023-11-07,179.88198852539062,180.495375116872,177.06236062659886,177.2701137835187,70530000
2023-11-08,180.9405975341797,181.4946261481432,179.6544510539658,180.40635996961416,49340300
2023-11-09,180.46571350097656,182.15747832651147,179.87210280308707,181.00985412468407,53763500
2023-11-10,184.6561279296875,184.82455079604722,181.81298306450438,182.24886906112522,66133400
2023-11-13,183.0710906982422,184.28957909475855,182.4866141219331,184.0815522328342,43627500
2023-11-14,185.68638610839844,186.35011603301572,184.55705211313364,185.94394820695575,60108400
2023-11-15,186.2510528564453,187.72711849110286,186.02320887124122,186.09256123667055,53790500
2023-11-16,187.93515014648438,189.1734556093977,186.88505441646575,187.79646053927942,54412900
2023-11-17,187.91534423828125,188.5988913131576,186.80582731444395,188.47010270019993,50922700
2023-11-20,189.65887451171875,190.1145776039652,188.10357060538217,188.11347160798348,46505100
2023-11-21,188.85646057128906,189.72823253932046,187.9648865974642,189.61926104331656,38134500
2023-11-22,189.5201873779297,191.12502655036587,189.0446822742513,189.69851123933077,39617700
2023-11-24,188.19271850585938,189.11401054524026,187.47945332619432,189.08429242242372,24048300
2023-11-27,188.01437377929688,188.88614559455414,187.13270096287798,188.1431623745596,40552600
2023-11-28,188.61868286132812,189.29232889633607,187.62803848681267,188.0044881862593,38415400
2023-11-29,187.5983123779297,190.29286617117475,187.2020606914072,189.11399699712592,43014200
2023-11-30,188.1728973388672,188.53944603911236,186.42936866830843,188.06392585220516,48794400
2023-12-01,189.4508514404297,189.76784980640184,187.4596464071562,188.54936135651158,45704800
2023-12-04,187.65777587890625,188.2719857330804,185.69630404843608,188.20263336404662,43389500
2023-12-05,191.61045837402344,192.58128575658978,188.4007647355339,188.43049797744138,66628400
2023-12-06,190.520751953125,192.93791176533594,190.3127099631217,192.6308143978356,41089700
2023-12-07,192.45248413085938,193.17565028147504,191.77883810543793,191.8184723448333,47477700
2023-12-08,193.87901306152344,194.15639227120218,191.8580901155405,192.38313041357762,53406400
2023-12-11,191.3726806640625,191.6797931299085,189.62915193698308,191.30334341541183,60943700
2023-12-12,192.8883819580078,192.8982829604503,189.92634969600132,191.27362671385956,52696900
2023-12-13,196.1079559326172,196.14757505430106,193.02705149757753,193.26479645974607,70404200
2023-12-14,196.25657653808594,197.75244424587422,194.32482284497263,196.16742216364264,66831600
2023-12-15,195.72161865234375,196.54384019084355,195.15694409646994,195.6819844119138,128538400
2023-12-18,194.05734252929688,194.7904248709577,192.57137584033416,194.2554683979516,55751900
2023-12-19,195.09750366210938,195.10740466398735,194.05732405565033,194.32480226669028,40714100
2023-12-20,193.0072479248047,195.8305753609382,193.0072479248047,195.05787394759355,52242800
2023-12-21,192.85865783691406,195.23621363050395,191.6897046199928,194.26538628403978,46482500
2023-12-22,191.7887725830078,193.58183662844655,191.16466173906855,193.35397752019378,37149600
2023-12-26,191.243896484375,192.0760341178965,191.02595351616222,191.79865490672267,28919300
2023-12-27,191.3429412841797,191.68967283701622,189.3022164363663,190.68912753168,48087700
2023-12-28,191.76895141601562,192.8388492190412,191.36278357008254,192.32370988068791,34049900
2023-12-29,190.72877502441406,192.58127531145587,189.9362564400636,192.08595308574118,42672100
2024-01-02,183.9032440185547,186.67705163638013,182.16961614691823,185.3991117688797,82488700
2024-01-03,182.5262451171875,184.14100045386294,181.7139093893273,182.49652699212288,58414500
2024-01-04,180.20811462402344,181.37706768373354,179.18775216816366,180.4458595901839,71983600
2024-01-05,179.48497009277344,181.05019027633338,178.4844245514249,180.2874048658164,62379700
2024-01-08,183.823974609375,183.86360885082058,179.80196071659407,180.38643729162627,59144500
2024-01-09,183.4079132080078,183.41781421075365,181.0204564512382,182.19932576748687,42841800
2024-01-10,184.44808959960938,184.6561164657865,182.1993225017619,182.6253074687535,46792900
2024-01-11,183.8536834716797,185.3000308909078,181.90211286972462,184.7947925921475,49128400
2024-01-12,184.1806182861328,184.99295400827782,183.45745205458948,184.31930790747037,40477800
2024-01-16,181.9120330810547,182.5361287641061,179.23728115128065,180.45578462721193,65603000
2024-01-17,180.97091674804688,181.2185778549055,178.613193289656,179.57411959355028,47317400
2024-01-18,186.86524963378906,187.37047281337263,184.09144241490495,184.34900450558874,78005800
2024-01-19,189.767822265625,190.1541729432286,187.05346652103705,187.55868967912403,68903000
2024-01-22,192.07601928710938,193.5025494721613,190.46126426985865,190.50089850612792,60133900
2024-01-23,193.3539581298828,193.91863266844476,192.01659731903075,193.19546652112328,42355600
2024-01-24,192.6803436279297,194.54276001272405,192.52183688964197,193.59173469903226,53631300
2024-01-25,192.35342407226562,194.43378338829353,191.30334341188293,193.39360373027958,54822100
2024-01-26,190.6197967529297,192.93790105900956,190.14429166563914,192.45249496932922,44594000
2024-01-29,189.93624877929688,190.4018528619721,187.8063693410428,190.2136280052267,47145600
2024-01-30,186.28076171875,190.00559424490717,185.71610228505008,189.15363947733223,55859400
2024-01-31,182.6748046875,185.3495564168855,182.6252845648342,185.29010506082795,55467800
2024-02-01,185.11181640625,185.20097077595153,182.1002640289582,182.26867176596141,64885400
2024-02-02,184.11129760742188,185.57744732440864,177.5730374619885,178.17733124850895,102551700
2024-02-05,185.92413330078125,187.47945226083425,184.10135123689923,186.3897373769733,69668800
2024-02-06,187.52894592285156,187.53884692286078,185.02261736173728,185.11177170991195,43490800
2024-02-07,187.63796997070312,189.26262627331204,186.8454513829838,188.85645841865113,53439000
2024-02-08,186.5581512451172,187.76672344534998,185.59722501634783,187.6181328392653,40962000
2024-02-09,187.32191467285156,188.45268968737696,186.4787864459619,187.12352087688578,45155200
2024-02-12,185.63568115234375,187.14338640307878,185.27859346494134,186.8954092628083,41781900
2024-02-13,183.54275512695312,184.70330147289806,182.02513622573113,184.26685928046126,56529500
2024-02-14,182.65997314453125,184.028811934586,180.96381781673077,183.8205195923842,54630500
2024-02-15,182.37228393554688,182.99719108766072,179.8825992332856,182.06479474492625,65434500
2024-02-16,180.83485412597656,183.35431044132238,180.20003322850718,181.93587327545112,49752500
2024-02-20,180.09091186523438,180.95386745060242,178.54353696650966,180.31904659124555,53665600
2024-02-21,180.8447723388672,181.41015233649017,179.1982005294332,180.4678422502364,41371400
2024-02-22,182.878173828125,183.463411373256,180.98364000764028,181.99537582737872,52292200
2024-02-23,181.0431365966797,183.54273502175582,180.7554746671187,183.51297897874218,45119700
2024-02-26,179.6941375732422,181.28118200444274,179.1882545795608,180.76540051034647,40867400
2024-02-27,181.15223693847656,182.43179212202116,178.10707086865912,179.63461828889808,54318900
2024-02-28,179.95204162597656,181.6382830805114,178.67248629654023,181.03321827875988,48953900
2024-02-29,179.28749084472656,181.09277187641788,178.0773610649901,179.8032875873991,136682600
2024-03-01,178.206298828125,179.06925444803085,175.94474848019505,178.09718827908785,73563100
2024-03-04,173.6831817626953,175.46860492728393,172.38376893378626,174.7246735635979,81510100
2024-03-05,168.7434539794922,170.64791631173568,168.2474997741583,169.37827475690668,95132400
2024-03-06,167.75157165527344,169.85442810491517,167.31512946505867,169.67587669286206,68587700
2024-03-07,167.6325225830078,169.34851990765398,167.12665473872153,167.78130279152694,71765100
2024-03-08,169.34852600097656,172.29449531822434,167.57301652903823,167.6325286145872,76267000
2024-03-11,171.35218811035156,172.9690037589795,170.65785520874886,171.54065314121274,60139500
2024-03-12,171.82830810546875,172.62183794587216,169.62626998762764,171.7489536078961,59825400
2024-03-13,169.7453155517578,171.78864474969012,169.37829909505535,171.37204497358655,52488700
2024-03-14,171.60015869140625,172.89955631533712,170.65784870831544,171.5108905650266,72913500
2024-03-15,171.22323608398438,171.22323608398438,168.91208752136302,169.78497182252738,121752700
2024-03-18,172.31434631347656,176.27206668827822,172.11596763998543,174.1493830977455,75604200
2024-03-19,174.6552276611328,175.18093788657362,171.62990410461092,172.929301648071,55215200
2024-03-20,177.22430419921875,177.22430419921875,173.67326966604173,174.29817691484007,53423100
2024-03-21,169.9833526611328,176.05384289670778,169.45764237357878,175.61740074055217,106181300
2024-03-22,170.88601684570312,171.64979072547655,168.6839784855534,170.3702201223851,71160100
2024-03-25,169.46759033203125,170.54876707334867,168.0789092110998,169.18985713490977,54288300
2024-03-26,168.33682250976562,170.03297781398425,168.20786954283594,168.62446935677252,57388400
2024-03-27,171.9076690673828,172.19533102381604,168.73356472173438,169.03114031499092,60273300
2024-03-28,170.09246826171875,170.83639964948821,169.13031578937776,170.36028779920613,65672700
2024-04-01,168.65420532226562,169.86433493378763,168.1086526063626,169.80482284392966,46240500
2024-04-02,167.47381591796875,167.96977013364764,166.86875116942764,167.71187939021036,49329500
2024-04-03,168.2772674560547,169.29893197888933,167.21593325359058,167.4242255584593,47691700
2024-04-04,167.45399475097656,170.5289019190824,167.45399475097656,168.9120862737285,53704400
2024-04-05,168.2078399658203,169.01128340394683,167.58293278713433,168.217753601793,42104800
2024-04-08,167.08697509765625,167.83090643391947,166.87868279928273,167.66228381393842,37425500
2024-04-09,168.29710388183594,168.70378997636425,166.98779260608748,167.33495148030394,42373800
2024-04-10,166.4224090576172,167.72180678766216,165.75783217031642,167.43415997850798,49709300
2024-04-11,173.6236572265625,174.040272115757,166.7993370367697,166.97787330186227,91070300
2024-04-12,175.1214599609375,176.9168120397123,172.80039755418966,172.8499808741194,101670900
2024-04-15,171.2926788330078,175.20080068867838,171.10421379905583,173.94107267383276,73531800
2024-04-16,168.0094451904297,172.35399357547163,166.9084262901455,170.3602631929335,73711200
2024-04-17,166.640625,169.26917642354965,166.640625,168.2375982616629,50901200
2024-04-18,165.6884002685547,167.27546002889196,165.20237475763562,166.67039519798726,43122900
2024-04-19,163.6649169921875,165.05358296102196,162.75236290762146,164.86513304300607,68149400
2024-04-22,164.49807739257812,165.90658543557495,163.43674332676036,164.18067459044096,48116400
2024-04-23,165.54953002929688,165.69832539217154,163.58555534900174,164.01208389352126,49537800
2024-04-24,167.65237426757812,167.93010742906517,164.86511388137603,165.19243035823263,48251800
2024-04-25,168.51535034179688,169.22952573993217,166.7894239404159,168.15826264272923,50558300
2024-04-26,167.9300994873047,169.95358601606148,167.81106018420974,168.50540819041237,44838400
2024-04-29,172.0961151123047,174.60564226594082,171.69935778865286,171.96716217122307,68169400
2024-04-30,168.95176696777344,173.5740639461448,168.62443536523762,171.92749229774822,65934800
2024-05-01,167.9300994873047,171.31251085120192,167.74163446478235,168.20783263565716,50383100
2024-05-02,171.62991333007812,172.01675700988142,169.50722990892024,171.1141167118999,94214900
2024-05-03,181.89617919921875,185.48688300008854,181.1820038934194,185.13970898312533,163224100
2024-05-06,180.23968505859375,182.70952732957792,178.96011472526732,180.87450583987064,78569700
2024-05-07,180.9241180419922,183.40388947971314,179.8528700999816,181.96562507289974,77305800
2024-05-08,181.26133728027344,181.5886688519262,179.981767033329,181.3704478041577,45057100
2024-05-09,183.07656860351562,183.16583674066726,180.63646690744054,181.0828227285221,48983000
2024-05-10,181.8151092529297,183.84134031553506,180.9013175850214,183.65261967053823,50759500
2024-05-13,185.02333068847656,185.8378061410755,183.37452561798457,184.18900107058352,72044800
2024-05-14,186.1655731201172,187.029714327999,185.0332642686859,186.24503525163803,52393600
2024-05-15,188.44012451171875,189.36384333151435,186.1059718662387,186.6423374407049,70400000
2024-05-16,188.559326171875,189.81083584823088,188.3805477357399,189.18508101005293,52845200
2024-05-17,188.589111328125,189.52277241007562,187.90376371878457,188.23153932133224,41282900
2024-05-20,189.75120544433594,190.62527366658756,187.73490137733788,188.052749878466,44361300
2024-05-21,191.05238342285156,191.42980957851574,189.6320225414164,189.80087387660714,42309400
2024-05-22,189.61215209960938,191.5192128106237,188.9864124860383,190.9729201671483,34648500
2024-05-23,185.6193084716797,189.71151001586625,185.3709949768945,189.69164069264463,51005900
2024-05-24,188.6983642578125,189.2943226367172,186.771449342652,187.54620129756856,36327000
2024-05-28,188.70831298828125,191.69800175645932,187.82431762786635,190.21804799663707,52280100
2024-05-29,189.0062713623047,190.95305560689752,188.2315345598267,188.33086600869876,53068000
2024-05-30,189.99951171875,190.88350698979508,189.343975732697,189.4730884200293,49889100
2024-05-31,190.9530487060547,191.2708972062775,188.62883838261533,190.14851552916033,75158300
2024-06-03,192.72103881835938,193.67456916074488,191.22123099586668,191.5986571441052,50080500
2024-06-04,193.0388946533203,194.0023521144802,191.72779227719917,193.32693160548868,47471400
2024-06-05,194.5486297607422,195.5716800296083,193.55537589536917,194.08179923154876,54156800
2024-06-06,193.16802978515625,195.1744070683784,192.86012347629529,194.36987376952155,41181800
2024-06-07,195.56175231933594,195.6114180436154,192.83030419832767,193.33685821193552,53103900
2024-06-10,191.81719970703125,195.96900913658257,190.85374215435903,195.57169845948172,97010200
2024-06-11,205.7525177001953,205.7624599378956,192.32373729563466,192.34359145933493,172373300
2024-06-12,211.6326141357422,218.7145040828182,205.50422428227435,205.97105482418652,198134300
2024-06-13,212.79469299316406,215.28775449802723,210.17250364841863,213.29131987781926,97862700
2024-06-14,211.0565185546875,213.71843162956222,209.874544034183,212.40734441299963,70122700
2024-06-17,215.2083282470703,217.4729460060793,211.28497823555003,211.93058723086708,93728300
2024-06-18,212.84437561035156,217.15510913678148,211.56308472355843,216.1221165738588,79943300
2024-06-20,208.2654571533203,212.79470737847507,207.44106980621038,212.48678595825902,86172500
2024-06-21,206.09027099609375,210.46058238700795,205.71282963889428,208.97070143703453,241805100
2024-06-24,206.73587036132812,211.2651058128792,205.19632375372012,206.3187055335118,80727000
2024-06-25,207.6595916748047,209.95400566525086,207.20268823087267,207.73903864641352,55549700
2024-06-26,211.81138610839844,213.41052543273105,209.21899292189278,210.07319184959564,66213200
2024-06-27,212.65565490722656,214.28459061162127,210.91746067332394,213.2416710401095,49772700
2024-06-28,209.19912719726562,214.6123729638464,208.8812938369491,214.31439376890182,82542700
2024-07-01,215.2877960205078,216.04266357466884,210.49037757076027,210.65922892540738,60402900
2024-07-02,218.78402709960938,218.89328562800327,213.6489065767971,214.6918109818244,58046200
2024-07-03,220.05538940429688,220.05538940429688,217.55238550522975,218.51584293427166,37369800
2024-07-05,224.81309509277344,224.9223536333555,220.15473164881905,220.15473164881905,60412400
2024-07-08,226.28311157226562,226.31290797690275,221.7439339584199,225.55802531049062,59085900
2024-07-09,227.13729858398438,227.85244261706796,224.84288445944628,226.39235814584333,48076100
2024-07-10,231.40829467773438,231.50762613234983,227.70346178953022,227.75312751683794,62627700
2024-07-11,226.0347900390625,230.82226580227746,224.2469300453064,229.82901193417422,64710600
2024-07-12,228.9847412109375,231.07058040656065,227.13728840093884,227.37567478656334,53046500
2024-07-15,232.81871032714844,235.62962070976812,231.5175501306247,234.88468027763452,62631300
2024-07-16,233.2358856201172,234.67610072880163,230.76267797901863,233.41466404542834,43234300
2024-07-17,227.33595275878906,229.8985495862513,225.11105861290636,227.90209958898402,57345900
2024-07-18,222.6676483154297,228.88542732552744,220.7705449165008,228.7265030667722,66034600
2024-07-19,222.79678344726562,225.2699911539264,221.77373312637206,223.30335264411235,49151500
2024-07-22,222.44915771484375,226.24337986146955,221.58501648633228,225.47857008869346,48201800
2024-07-23,223.49203491210938,225.40902265142745,221.17775171010015,222.85635307829335,39960300
2024-07-24,217.06570434570312,223.2834835656707,215.66522784122517,222.48887740092556,61777600
2024-07-25,216.0227813720703,219.36011485373604,213.17213256832727,217.45305415919788,51391200
2024-07-26,216.4896240234375,218.0093012590926,214.55276681781487,217.22462220056258,41601300
2024-07-29,216.76773071289062,217.82057739339885,214.2945231128628,215.49636696784094,36311800
2024-07-30,217.32394409179688,218.84362126060284,214.66201590891492,217.71131248471113,41643800
2024-07-31,220.58181762695312,222.31008478832948,219.14160257039833,219.94613576688096,50036300
2024-08-01,216.8869171142578,222.96562598955987,215.5559605569344,222.85636745689294,62501000
2024-08-02,218.3767852783203,224.07806765618477,216.24129562954897,217.6715683981697,105568600
2024-08-05,207.85826110839844,212.0597211288106,194.67777677399005,197.74692788266515,119548600
2024-08-06,205.8319854736328,208.5733757245506,199.7135534430835,203.91501287026546,69660500
2024-08-07,208.404541015625,212.19876304064402,204.99767225034321,205.5042262843129,63516400
2024-08-08,211.87100219726562,212.75499762550604,207.42122864939222,211.67235443417223,47161100
2024-08-09,214.78121948242188,215.317569896599,210.54002126961797,210.66914912089348,42201600
2024-08-12,216.31260681152344,218.28152162650582,214.39341520959198,214.86078610016068,38028100
2024-08-13,220.0316619873047,220.64818728863202,217.7843004144017,217.7843004144017,44155300
2024-08-14,220.4791717529297,221.78183806687042,218.4704721927748,219.33561365974072,41960600
2024-08-15,223.46237182617188,224.08885093177264,221.51333414952188,223.3430482530648,46414000
2024-08-16,224.78492736816406,225.56056092969672,222.39834972442236,222.66684293368954,44340200
2024-08-19,224.62582397460938,224.72527040192085,221.791767703572,224.4567771868955,40687800
2024-08-20,225.24232482910156,225.89863476179528,224.18825957723197,224.50647597128693,30299000
2024-08-21,225.13294982910156,226.70410920432383,223.7905141872767,225.25228856886343,34765500
2024-08-22,223.27342224121094,227.06209724349452,222.64694316501192,226.51517227009805,43695300
2024-08-23,225.57049560546875,226.9427773475752,223.07454817990703,224.39710671028325,38677300
2024-08-26,225.90858459472656,226.00803101617393,222.6370036872603,225.490936936756,30602200
2024-08-27,226.7538299560547,227.569248113113,223.63140355832627,224.73519205544582,35934600
2024-08-28,225.22247314453125,228.57360836626125,224.41699349604747,226.64446298605537,38052200
2024-08-29,228.5039825439453,231.61647047641185,227.59908685526068,228.81226038667728,51906300
2024-08-30,227.71841430664062,229.11057321557684,226.2069166530855,228.90175696593346,52990800
2024-09-03,221.5233154296875,227.71844620227262,219.93226344799874,227.27096757410897,50190600
2024-09-04,219.61402893066406,220.53881694406624,216.2628786668988,220.41949337418052,43840200
2024-09-05,221.13546752929688,224.2181094473344,220.28027986462445,220.38966486266608,36615400
2024-09-06,219.58421325683594,223.97947540850993,218.5400864277892,222.69668624975694,48423000
2024-09-09,219.67369079589844,220.03167667908036,215.49719894103853,219.58419811845144,67180000
2024-09-10,218.878173828125,220.2405018848782,215.517084853391,217.69483113354613,51591000
2024-09-11,221.4138946533203,221.8414808899648,216.670585544778,220.22061344649163,44587100
2024-09-12,221.5233154296875,222.29894909807683,218.58982756350778,221.25482218343083,37455600
2024-09-13,221.2548065185547,222.78618142445666,220.66811202153605,222.3287642541488,36766600
2024-09-16,215.10939025878906,216.00434741371936,212.72281255665072,215.32814508742544,59357400
2024-09-17,215.5767364501953,215.6861214463737,213.2995590231644,214.54256344637628,45519300
2024-09-18,219.45492553710938,221.46362499015893,216.322545198334,216.33249894497217,59894900
2024-09-19,227.58914184570312,228.53383738270648,223.37288038958053,223.7308662842885,66781300
2024-09-20,226.9228973388672,231.7855303113645,226.34614143297367,228.6829959505254,318679900
2024-09-23,225.20257568359375,228.16589404695566,224.54626569168985,226.06770192621624,54146000
2024-09-24,226.09754943847656,228.06647955891447,224.466728085426,227.3703848763016,43556100
2024-09-25,225.10311889648438,226.01796830972677,222.76627973963284,223.6711754067507,42308700
2024-09-26,226.2467041015625,227.22121534991766,224.14851196557498,226.02793410267134,36636700
2024-09-27,226.51516723632812,228.2354962210898,226.02791923090672,227.18143093581907,34026000
2024-09-30,231.696044921875,231.696044921875,228.36478670449856,228.75260351180964,54541900
2024-10-01,224.94403076171875,228.36476618305377,222.4878528116685,228.2355040411627,63285000
2024-10-02,225.51083374023438,226.09752818761766,221.771881889721,224.62581519597003,32880600
2024-10-03,224.40704345703125,225.5406628776434,222.0702042586661,223.88001079844628,34044200
2024-10-04,225.53073120117188,226.72401244250622,222.87567550784985,226.6245660168141,37245100
2024-10-07,220.44932556152344,224.4269397639463,220.09133967636964,223.24359711098245,39505400
2024-10-08,224.50650024414062,224.71531649859696,222.00059897690352,223.0447257693685,31855700
2024-10-09,228.25538635253906,228.46421777631028,223.57175408478048,223.96950943919006,33591100
2024-10-10,227.7581787109375,228.21561101279016,225.89864895817115,226.50523572074002,28183500
2024-10-11,226.27655029296875,228.1261416619367,226.06771885321956,228.01675665509578,31759200
2024-10-14,230.00555419921875,230.43314046117197,227.32066753158787,227.4200987868959,39882100
2024-10-15,232.54129028320312,236.1609188169062,231.06956201546166,232.3026279543652,64751400
2024-10-16,230.4828338623047,230.82092739872954,228.55368871280942,230.30384852186543,34082200
2024-10-17,230.8507843017578,232.5412825211578,229.22991678936268,232.12361966628396,32993800
2024-10-18,233.68482971191406,234.8582185948981,232.7003647541102,234.8582185948981,46431500
2024-10-21,235.1565399169922,235.52447953691794,233.13790198735873,233.13790198735873,36254500
2024-10-22,234.5400390625,234.89802497361626,231.29828871484364,232.5810627118631,38846600
2024-10-23,229.4685516357422,233.8240439244486,226.48534106504323,232.76997861721128,52287000
2024-10-24,229.27963256835938,229.52823345451665,227.131717270346,228.69292294524882,31109500
2024-10-25,230.1149444580078,231.91481257552053,228.2852454458818,228.4542922398222,38802300
2024-10-28,232.09378051757812,233.41633904858514,231.24854661133642,232.01424158684446,36087100
2024-10-29,232.36227416992188,233.01858415019296,231.0198384903425,231.79547204033784,35417200
2024-10-30,228.812255859375,232.1633908639167,228.26533088908346,231.30820323038637,47070900
2024-10-31,224.6457061767578,228.5437662121666,224.10871977089283,228.05650301771783,64370100
2024-11-01,221.66249084472656,224.08883784550613,219.03726617591775,219.7333456007168,65276700
2024-11-04,220.7675323486328,221.5431659237015,218.48041626355018,219.7532516264011,44944500
2024-11-05,222.19947814941406,222.6966799421733,219.90240829460964,220.55871830266648,28111300
2024-11-06,221.4735565185547,224.80481443000403,219.95212032394844,221.36417152277414,54561100
2024-11-07,226.20692443847656,226.6046949785728,223.31322152292373,223.37288331058951,42137700
2024-11-08,225.93814086914062,227.63048374280507,225.39061415381417,226.1471868576639,38328800
2024-11-11,223.22042846679688,224.68381119249955,220.50272420052974,223.98696589218596,42005600
2024-11-12,223.22042846679688,224.5743058460154,222.354350392842,223.53899499841924,40398300
2024-11-13,224.1063995361328,225.62950954483912,221.75702475308145,223.00139666804327,48566200
2024-11-14,227.19247436523438,227.83954176018094,223.9869707245471,224.0068849307252,44923900
2024-11-15,223.98696899414062,225.89832264008,223.26025997018442,225.38065961406878,47923700
2024-11-18,226.99337768554688,228.70563485331775,224.15620331601912,224.2358449505769,44633700
2024-11-19,227.25218200683594,229.12372228231885,225.63948081886542,225.9580321395358,36211800
2024-11-20,227.96896362304688,228.89476915350485,224.87296529986398,227.03319339435467,35169600
2024-11-21,227.49111938476562,229.1237348668511,224.69377351516385,227.8494991340082,42108300
2024-11-22,228.83502197265625,229.68120098473537,227.0331737980822,227.0331737980822,38168300
2024-11-25,231.82151794433594,232.19981188776785,228.70562083004268,230.41787789282506,90152800
2024-11-26,234.00167846679688,234.50939199708804,232.2794717613211,232.2794717613211,45986200
2024-11-27,233.8722381591797,234.6288260383393,232.75728573526553,233.41431778082386,33498400
2024-11-29,236.26145935058594,236.73929396987336,232.91658663539664,233.75280101667178,28481400
2024-12-02,238.51126098632812,239.70585504150458,236.0922091638524,236.20171450499868,48137100
2024-12-03,241.5574951171875,241.66700046466846,237.82437898500294,238.73028547870095,38861000
2024-12-04,241.91587829589844,243.01093178619982,240.16380790150487,241.7765092325954,44383900
2024-12-05,241.94573974609375,243.43898620611924,241.03984843814553,242.8914746561807,40033900
2024-12-06,241.74664306640625,243.5285923470879,240.99007032901886,241.81633519239523,36870600
2024-12-09,245.63902282714844,246.1268220997756,240.66153502923254,240.74117665680967,44649200
2024-12-10,246.65443420410156,247.09245556004478,244.23536723926503,245.7783914922151,36914800
2024-12-11,245.38021850585938,249.67081089954078,245.15124311202538,246.84360125039836,45205800
2024-12-12,246.8435821533203,247.62006903646127,244.57383373711528,245.77839247075497,32777500
2024-12-13,247.01283264160156,248.16759835190283,245.13134272203925,246.70423080565516,33155300
2024-12-16,249.90969848632812,250.24817919808956,246.53496239648825,246.8734431082497,51694800
2024-12-17,252.33872985839844,252.68716009783537,248.655391740455,248.95404406138837,51356400
2024-12-18,246.9331817626953,253.13512753347695,246.62457993830327,251.02467749046986,56774100
2024-12-19,248.6653289794922,250.86538527206417,245.9774886038804,246.38564624934875,60882300
2024-12-20,253.34417724609375,253.8518755287198,244.58379575845774,246.92320588947405,147495300
2024-12-23,254.12066650390625,254.49894524760987,252.30885365268378,253.62291772369178,40858800
2024-12-24,257.0375061035156,257.04744042152294,254.14058909817473,254.3397007808045,23234700
2024-12-26,257.853759765625,258.9289141129315,256.47003399402934,257.0275101814573,27237100
2024-12-27,254.439208984375,257.5352220874343,251.9206014592013,256.6691137206059,42355300
2024-12-30,251.0644989013672,252.3586488565982,249.62103037787767,251.0943626150189,35557500
2024-12-31,249.29251098632812,252.1396347735265,248.30696287880588,251.30342042234355,39480700
2025-01-02,242.75210571289062,247.97846832553566,240.73124671787497,247.80922035937212,55740700
2025-01-03,242.26431274414062,243.080612931882,240.80092995907523,242.26431274414062,40244100
2025-01-06,243.89691162109375,246.21642284830082,242.10501290585998,243.2100158477468,45045600
2025-01-07,241.11947631835938,244.44443460073458,240.263347789176,241.88599852058522,40856000
2025-01-08,241.60726928710938,242.61273160476242,238.9692066706783,240.83078235887348,37628900
2025-01-10,235.78363037109375,239.07872524452853,231.95095824677452,238.9293914792433,61710900
2025-01-13,233.3446502685547,233.61343889555542,228.68572841435088,232.47857214721685,49630700
2025-01-14,232.22967529296875,235.05688478727922,231.4233246799516,233.69305795736565,39435300
2025-01-15,236.79901123046875,237.88411516800545,233.3744970274307,233.5835582088168,39832000
2025-01-16,227.23228454589844,236.9383864807084,227.0033243432251,236.28136958651152,71759100
2025-01-17,228.9445343017578,231.24413133243607,227.4512878984511,231.07489856287185,68488300
2025-01-21,221.6375732421875,223.40955766052627,218.39225670760806,222.9914505136237,98070400
2025-01-22,222.82223510742188,223.1109227348787,218.80041619812283,218.80041619812283,64126500
2025-01-23,222.6529998779297,226.00782197454978,221.29912251598503,223.72813912330528,60234800
2025-01-24,221.77694702148438,224.614121166801,220.4131202139208,223.76794215782238,54697900
2025-01-27,228.82508850097656,231.10477141655377,222.9715575076631,223.01138591977585,94863400
2025-01-28,237.187255859375,239.1085741517517,229.77080167884077,229.81063008981926,75707600
2025-01-29,238.2823028564453,238.78005164957875,232.9563846938824,233.06589003597526,45486100
2025-01-30,236.52027893066406,239.7058683175974,236.14200015946125,237.59541819689565,55658300
2025-01-31,234.93743896484375,246.07705979363328,232.38896748106293,246.07705979363328,100959800
2025-02-03,226.98341369628906,230.78622201033428,224.68381655532258,228.9545099800506,73063300
2025-02-04,231.75186157226562,232.08037762753466,225.62954176239768,226.226846442903,45067300
2025-02-05,231.42332458496094,231.62242106375825,227.24223776986636,227.50106167329415,39620300
2025-02-06,232.16995239257812,232.74734282564026,229.39250557129796,230.24863411824003,29925300
2025-02-07,226.60513305664062,232.946448173879,226.236788599926,231.55275755143822,39707200
2025-02-10,226.8741912841797,229.80417456619486,226.42572786906877,228.7876615470872,33115600
2025-02-11,231.82725524902344,234.42836130351915,227.35256634016287,227.4223198813819,53718400
2025-02-12,236.06277465820312,236.15247950770552,229.89386689621963,230.41209906543347,45243300
2025-02-13,240.70689392089844,241.514131106333,234.7672133917818,236.10264318513748,53614100
2025-02-14,243.7664337158203,244.71319316935814,240.1687356269457,240.4278440984732,40896200
2025-02-18,243.6368865966797,244.34445851454996,241.01584434943877,243.31796980618805,48822500
2025-02-19,244.03550720214844,245.17162160901916,242.33134319523683,243.8262313730556,32204200
2025-02-20,244.9922637939453,245.93902334816417,243.45750328110228,244.10529733899222,32316900
2025-02-21,244.71319580078125,247.84249441981407,244.38431857946645,245.11182656230832,53197400
2025-02-24,246.25791931152344,248.01191597096326,243.58704451830639,244.0953010258401,51326400
2025-02-25,246.1981201171875,249.14803959700342,244.0753891604379,247.15485528022737,48013300
2025-02-26,239.5408935546875,244.14514449402503,238.3150894487839,243.49736566903925,44433600
2025-02-27,236.49131774902344,241.6337368385667,236.25213016109495,238.5941277716784,41153600
2025-02-28,241.01583862304688,241.26498665715278,229.41550676334808,236.14250368420718,56833400
2025-03-03,237.21881103515625,243.1983635012748,235.3053560708129,240.96599177281342,47184000
2025-03-04,235.1259765625,239.25188262538288,233.88023638606123,236.89992456399492,53798100
2025-03-05,234.93663024902344,235.7438674276595,228.44880585950324,234.61771347352882,47227600
2025-03-06,234.5280303955078,237.04940729600818,232.3654272740836,233.64106399817908,45170400
2025-03-07,238.2552947998047,240.54744460053885,233.95996981993864,234.30878315837532,46273600
2025-03-10,226.70477294921875,235.35520052510583,223.45588808739058,234.73730306532093,72071200
2025-03-11,220.08740234375,225.0703629938446,216.7089556312574,223.04728218644934,76137400
2025-03-12,216.2405548095703,220.99430349899413,214.17761702040198,219.3897895710681,62547500
2025-03-13,208.96542358398438,216.10102664759694,207.70972301630272,215.21406028960521,61368300
2025-03-14,212.762451171875,213.22087501834247,208.86577244295887,210.53007941159925,60107600
2025-03-17,213.27072143554688,214.48656508270392,209.25445626243933,212.58307041465437,48073400
2025-03-18,211.96519470214844,214.4168029665515,210.76928711901598,213.43018643369246,42432400
2025-03-19,214.50648498535156,218.0144781615262,213.0215573102422,213.48995680484757,54385400
2025-03-20,213.37039184570312,216.74883872802718,211.49679368091097,213.2607660976187,48862900
2025-03-21,217.52618408203125,218.09423372936246,210.55999911901452,210.8390437188948,94127800
2025-03-24,219.977783203125,220.7252273230714,217.83511614199446,220.24686734420678,44299500
2025-03-25,222.9875030517578,223.33631640181736,219.33001153042758,220.01766257627696,34493600
2025-03-26,220.77505493164062,224.25316696482244,219.71866969932233,222.7483031053444,34466100
2025-03-27,223.087158203125,224.22327264250706,219.80836152348044,220.63553483035878,37094800
2025-03-28,217.1574249267578,223.04728822423488,216.93817343567548,220.91458161653458,39818600
2025-03-31,221.37301635742188,224.8511131847691,215.49311362240712,216.27045427307317,65299300
2025-04-01,222.42941284179688,222.9177332815032,218.15402384007052,219.06092638065368,36412700
2025-04-02,223.1270294189453,224.42260233406006,220.2668146407477,220.5657953452804,35905900
2025-04-03,202.49754333496094,206.78289223919597,200.56415230327434,204.8395255545537,103419000
2025-04-04,187.738037109375,199.19884701911502,186.70157274086588,193.2292544699453,125910900
2025-04-07,180.84161376953125,193.48835506739644,174.02491207450518,176.59612158290105,160466300
2025-04-08,171.8323974609375,189.691324966831,168.63334553301246,186.06373055480245,120859500
2025-04-09,198.17234802246094,199.926344669284,171.30421792842867,171.3640110222038,184395900
2025-04-10,189.7710723876953,194.11621470149436,182.37636057603893,188.42568213047016,121880000
2025-04-11,197.47471618652344,198.85997858079665,185.42592149027786,185.46579368960585,87435900
2025-04-14,201.82984924316406,212.2143377637297,200.47448329230923,210.7194495182335,101352900
2025-04-15,201.4511260986328,202.81645240683693,199.11910423874315,201.1720815277121,51343900
2025-04-16,193.6079559326172,200.01603598224625,191.71442177543545,197.68401406478426,59732400
2025-04-17,196.3087158203125,198.15241736523095,193.75744237056688,196.5279673080365,52164700
2025-04-21,192.50173950195312,193.13955785695288,189.1631497833642,192.61136524453693,46742500
2025-04-22,199.059326171875,200.9030125684292,195.3021694205859,195.45165216386687,52976400
2025-04-23,203.9027557373047,207.29116289420588,202.10888686320854,205.29797863560773,52929200
2025-04-24,207.65989685058594,208.11833592046503,202.248408894664,204.1917605029567,47311000
2025-04-25,208.56680297851562,209.0352025034097,205.49729734578435,205.66671618569228,38222300
2025-04-28,209.4238739013672,210.77923983434187,206.7530142372406,209.2843516085664,38743100
2025-04-29,210.490234375,211.51672307140856,207.6599011161091,207.978817902887,36827600
2025-04-30,211.7758331298828,212.8521544830753,205.96569903614,208.58674127234366,52286500
2025-05-01,212.59304809570312,213.82881264887993,208.18809734114114,208.3674918385056,57365700
2025-05-02,204.65020751953125,206.28461806468735,201.4710760745947,205.38767599056177,101010600
2025-05-05,198.21221923828125,203.4044712176219,197.5345438511527,202.40787903175757,69018500
2025-05-06,197.83351135253906,199.96621804369693,196.34859871285207,197.53454585917262,51216500
2025-05-07,195.58120727539062,198.7603386318323,192.59143085844198,198.49125449640593,68536700
2025-05-08,196.81698608398438,199.3682595147921,194.0165494128041,197.04619801698016,50478900
2025-05-09,197.8534393310547,199.85658408831688,196.86680762308345,198.32183886048443,36453900
2025-05-12,210.34713745117188,210.82613996616402,206.31563192374182,210.52676720097676,63775800
2025-05-13,212.48263549804688,212.95164926547025,208.56089957562318,209.98788789546765,51909300
2025-05-14,211.88389587402344,213.49051386836734,210.13757262915965,211.98367663769176,49325800
2025-05-15,211.00575256347656,212.51258988469863,209.0997617101353,210.506803034962,45029500
2025-05-16,210.81614685058594,212.12340739052024,209.3292870180407,211.9138418912236,54737900
2025-05-19,208.3413543701172,209.0398806327114,203.83084657536088,207.47318710280226,46140500
2025-05-20,206.42539978027344,208.03201787298204,204.5992426766309,207.23369558110693,42496600
2025-05-21,201.6654052734375,206.60500227852873,200.28831500749223,204.73893602091724,59211800
2025-05-22,200.9369354248047,202.32401437172413,199.28041949489233,200.2883071907537,46742400
2025-05-23,194.85975646972656,197.28464391104225,193.05356158182016,193.26311186041877,78432900
2025-05-27,199.78936767578125,200.31825293342968,197.01519441683536,197.88337691051132,56288500
2025-05-28,199.99891662597656,202.30406088976383,199.48000488022652,200.16855762950956,45339700
2025-05-29,199.5299072265625,203.38179807643976,198.09293019267844,203.15228556391767,51396800
2025-05-30,200.4280242919922,201.53569281345096,196.36656797106642,198.95112277889336,70819900
2025-06-02,201.27622985839844,201.70533435611304,199.69954757512772,199.85921507319503,35423300
2025-06-03,202.84292602539062,203.34187550579085,200.53778186221837,200.92696184786135,46381600
2025-06-04,202.39389038085938,205.80670326672896,201.67540185470463,202.48369763994597,43604000
2025-06-05,200.20849609375,204.3198354061699,199.7294935749724,203.07246156364138,55126100
2025-06-06,203.49156188964844,205.26782088834017,201.62549563553227,202.57349663849442,46607700
2025-06-09,201.02676391601562,205.56720771427428,199.59977555964565,203.96058960802065,72862600
2025-06-10,202.2441864013672,203.92066462184746,200.14860765917956,200.1785434107301,54672600
2025-06-11,198.36236572265625,204.07034932786254,197.99314795828434,203.0724503091444,60989900
2025-06-12,198.78147888183594,199.26046614106752,196.94534836583952,198.66173587371065,43904600
2025-06-13,196.03726196289062,199.9490243445518,195.2888376882346,199.3103695725812,51447300
2025-06-16,198.0031280517578,198.27256505925683,196.1470352061455,196.8854859861783,43020700
2025-06-17,195.2289581298828,197.97318035709665,194.79986887227625,196.78567812068002,38856200
2025-06-18,196.16697692871094,197.15490236836843,194.66015499959357,195.52832221137376,45394700
2025-06-20,200.57769775390625,201.27622400422058,196.44639652864126,197.8235020126397,96813500
2025-06-23,201.07666015625,201.87498244787415,198.54200324907936,201.20639190632414,55814300
2025-06-24,199.87918090820312,203.0125832870988,199.77938491343542,202.16436301176623,54064000
2025-06-25,201.13653564453125,203.2421033073339,200.19850807531137,201.0267661369261,39525700
2025-06-26,200.57769775390625,202.2142514946699,199.04094000321476,201.00678701240994,50799100
2025-06-27,200.65753173828125,202.7930349784745,199.57979899649257,201.4658274879402,73188600
2025-06-30,204.7389373779297,206.95427439094752,198.84135059390303,201.58557286233471,91912800
2025-07-01,207.3833770751953,209.74839282792448,205.70689884063935,206.23578409144605,78788900
2025-07-02,211.99366760253906,212.8917706186518,207.7026988246806,208.47108532398713,67941800
2025-07-03,213.10134887695312,214.19902871499423,211.36499901814886,211.70428104663077,34955800
2025-07-07,209.50889587402344,215.77570049162512,208.36131809352125,212.23315593085263,50229000
2025-07-08,209.5687713623047,210.98578616820197,208.01205130024096,209.658593847986,42848900
2025-07-09,210.69639587402344,210.8859991217609,206.78463359109693,209.0897778625777,48749400
2025-07-10,211.96372985839844,213.03147386855414,209.58872537016995,210.06771262581316,44443600
2025-07-11,210.7163543701172,211.68431760849728,209.41908263784933,210.12759762046792,39765800
2025-07-14,208.1816864013672,210.46688365912564,207.10395364435493,209.48893166698292,38840100
2025-07-15,208.67066955566406,211.44482767792792,208.48106630115817,208.7804390594974,42296300
2025-07-16,209.71847534179688,211.95375954691573,208.2016644692293,209.8581806046168,47490500
2025-07-17,209.57875061035156,211.3550095983717,209.14964612579556,210.12759810142074,48068100
2025-07-18,210.73631286621094,211.34503189230253,209.25942654413325,210.42696659875526,48974600
2025-07-21,212.0335693359375,215.3266389893317,211.18536434566,211.65437808070223,51377400
2025-07-22,213.94955444335938,214.49840197701596,211.78411528941558,212.69220709721728,46404100
2025-07-23,213.7000732421875,214.69797228179937,211.9637386583707,214.54829351654996,46989300
2025-07-24,213.31088256835938,215.2368355364858,213.08137006420023,213.45058781785585,46022600
2025-07-25,213.43064880371094,214.7877920897316,212.95164630742312,214.24891808809048,40268800
2025-07-28,213.6002960205078,214.39861831079742,212.61237047326716,213.5803337758995,37858000
2025-07-29,210.8261260986328,214.3586818606333,210.37707459375494,213.73000061776605,51411700
2025-07-30,208.6107940673828,211.94377315400357,207.28358653790625,211.454797150492,45512500
2025-07-31,207.1339111328125,209.39913099136336,206.72476887181696,208.0519764228089,80698400
2025-08-01,201.95481872558594,213.1312852679161,201.07666267114303,210.4269720875647,104434500
2025-08-04,202.9227752685547,207.44325668811337,201.25627047720934,204.0803265791815,75109300
2025-08-05,202.49366760253906,204.90858140720596,201.73526982787092,202.97265486934364,44155100
2025-08-06,212.80197143554688,214.9275012748427,205.15806109322384,205.19798558200998,108483100
2025-08-07,219.56771850585938,220.38600300495352,216.12496995802366,218.42014073215765,90224800
2025-08-08,228.86814880371094,230.5146761138317,218.78936250198095,220.36604479784603,113854000
2025-08-11,226.95997619628906,229.33767612130436,224.54232171734583,227.6992650180531,61806100
2025-08-12,229.42758178710938,230.57647717809445,226.8500938879156,227.78917070894937,55626200
2025-08-13,233.10403442382812,234.77241529044048,230.2068337695816,230.8462285986664,69878500
2025-08-14,232.5545654296875,234.89229562265464,230.6264418350812,233.83332460758467,51916300
2025-08-15,231.36570739746094,234.0531046408583,229.11788646444978,233.77337703316005,56038700
2025-08-18,230.66639709472656,232.89423321308522,229.88715369469057,231.47561022214762,37476200
2025-08-19,230.3367156982422,232.64447617946885,229.1278960385577,231.05601964615855,39402600
2025-08-20,225.79110717773438,230.24679444121838,225.55134937034353,229.75726351111018,42263900
2025-08-21,224.68218994140625,226.30063142153253,223.56327948127884,226.05087353353895,30621200
2025-08-22,227.53941345214844,228.8681272027074,225.1916985271248,225.95095699429655,42477800
2025-08-25,226.94000244140625,229.07792927219558,226.01089520624416,226.26065308481304,30983100
2025-08-26,229.08792114257812,229.26775474756235,224.4724002828088,226.65028173376106,54575100
2025-08-27,230.26678466796875,230.676376013076,228.03893336267103,228.38860049855515,31259500
2025-08-28,232.33477783203125,233.18396075811214,229.11789497993007,230.59647266873003,38074700
2025-08-29,231.91517639160156,233.15398096397084,231.145917853049,232.28481317583598,39418400
2025-09-02,229.49752807617188,230.62643860177437,226.75019132336067,229.02798202980685,44075600
2025-09-03,238.2390594482422,238.6186963224971,234.133039090421,236.98028515930878,66427800
2025-09-04,239.5477752685547,239.66765417218173,236.51072617258424,238.21906152531412,47549400
2025-09-05,239.45787048339844,241.08629675958926,238.25903569310344,239.76756781945676,54870400
2025-09-08,237.64962768554688,239.91741830634814,236.11111057683257,239.06825064349684,48999500
2025-09-09,234.123046875,238.5487492683241,233.13400016518182,236.77047435136637,66313900
2025-09-10,226.5703582763672,232.19491077497392,225.73117543382176,231.96513778704139,83440800
2025-09-11,229.80722045898438,230.22681187017153,226.43048902665416,226.66027725307507,50208600
2025-09-12,233.84332275390625,234.28288383192944,228.79821036620638,228.9980136278554,55824200
2025-09-15,236.47076416015625,237.95932665324483,234.80238330570734,236.77047667310174,42699500
2025-09-16,237.9193572998047,240.98639147239973,236.09114297984144,236.9502954777413,63421100
2025-09-17,238.75856018066406,239.86748583209587,237.4997706474641,238.73857528095925,46508000
2025-09-18,237.64962768554688,240.9664044724694,236.4208079152849,239.737599946219,44249600
2025-09-19,245.26223754882812,246.06146581163878,239.9773675285625,240.99636870073516,163741300
2025-09-22,255.8319854736328,256.3914711896616,247.8797028858207,248.05953649140056,105517400
2025-09-23,254.18359375,257.0907792625319,253.33442606621003,255.63220171436936,60275200
2025-09-24,252.06564331054688,255.4923293909784,250.79686899703333,254.9728287261993,42303700
2025-09-25,256.6212158203125,256.9209435623003,251.466224879955,252.96477212582877,55202100
2025-09-26,255.2126007080078,257.3505275669758,253.5342198150173,253.8539172209246,46076300
2025-09-29,254.18359375,254.75304905914027,252.76497075706976,254.31347273152574,40127700
2025-09-30,254.38340759277344,255.67215158054225,252.8648753735947,254.61318058017173,37704300
2025-10-01,255.20260620117188,258.53938316103813,254.6831055272507,254.7929996074261,48713900
2025-10-02,256.8809814453125,257.9299523535748,253.9038565188199,256.33149581258533,42630200
2025-10-03,257.7701110839844,258.9889308017334,253.70406057825727,254.42336451804394,49155600
2025-10-06,256.44140625,258.819106172963,254.80299514816292,257.7401350456914,44664100
2025-10-07,256.23162841796875,257.15072039039774,255.18262697514498,256.56129542181253,31955800
2025-10-08,257.8100891113281,258.2696351050741,255.8619653198879,256.2715719294531,36496900
2025-10-09,253.79396057128906,257.75013209688524,252.8948383011137,257.5603136690899,38322000
2025-10-10,245.032470703125,256.13171175032437,243.76369637579657,254.69310389004832,61999100
2025-10-13,247.42015075683594,249.44818352992385,245.32217845998096,249.13848619669534,38142900
2025-10-14,247.53004455566406,248.60900042906025,244.46301046499008,246.36117950382103,35478000
2025-10-15,249.09852600097656,251.5761352503302,247.2303418581919,249.24838988167792,33893600
2025-10-16,247.21035766601562,248.79881419551728,244.8926123625184,248.00958596667436,39777000
2025-10-17,252.045654296875,253.13461023404025,247.03052706557392,247.77980070207627,49147000
2025-10-20,261.98602294921875,264.1239650925819,255.3824390623343,255.64218177653177,90483000
2025-10-21,262.5155029296875,265.03308188579996,261.5764108568555,261.6263807259345,46695900
2025-10-22,258.19970703125,262.5954395959732,255.18261234613632,262.3956210979312,45015300
2025-10-23,259.3285827636719,260.36758405794774,257.76012648314656,259.68824995662277,32754900
2025-10-24,262.56549072265625,263.87421967110856,258.9290010880386,260.93706434715574,38253700
2025-10-27,268.5496520996094,268.8593494221352,264.3936774471076,264.6234656652487,44888200
2025-10-28,268.7394714355469,269.6286240979669,267.8902885694659,268.7294713644567,41534800
2025-10-29,269.4388122558594,271.1471476128123,266.85129379808274,269.01920560410514,51086700
2025-10-30,271.13714599609375,273.87451306817263,268.2199910571769,271.72657092903916,69886500
2025-10-31,270.108154296875,277.05143573891627,268.89933466249033,276.721738255342,86167100
2025-11-03,268.7894287109375,270.5877038096653,265.9921525413924,270.15812755648943,50194600
2025-11-04,269.7784729003906,271.22705027239556,267.36080327265466,268.0701070960229,49274800
2025-11-05,269.8783874511719,271.43687417180433,266.67147434431234,268.3498399683747,43683100
2025-11-06,269.50872802734375,273.1352174017799,267.6305743388968,267.6305743388968,51204000
2025-11-07,268.2099914550781,272.02629915101613,266.51162568814635,269.5386899523433,48227400
2025-11-10,269.42999267578125,273.7300109863281,267.4599914550781,268.9599914550781,41312400
2025-11-11,275.25,275.9100036621094,269.79998779296875,269.80999755859375,46208300
2025-11-12,273.4700012207031,275.7300109863281,271.70001220703125,275.0,48398000
2025-11-13,272.95001220703125,276.70001220703125,272.0899963378906,274.1099853515625,49602800
2025-11-14,272.4100036621094,275.9599914550781,269.6000061035156,271.04998779296875,47431300
2025-11-17,267.4599914550781,270.489990234375,265.7300109863281,268.82000732421875,45018300
2025-11-18,267.44000244140625,270.7099914550781,265.32000732421875,269.989990234375,45677300
2025-11-19,268.55999755859375,272.2099914550781,265.5,265.5299987792969,40424500
2025-11-20,266.25,275.42999267578125,265.9200134277344,270.8299865722656,45823600
2025-11-21,271.489990234375,273.3299865722656,265.6700134277344,265.95001220703125,59030800
2025-11-24,275.9200134277344,277.0,270.8999938964844,270.8999938964844,65585800
2025-11-25,276.9700012207031,280.3800048828125,275.25,275.2699890136719,46914200
2025-11-26,277.54998779296875,279.5299987792969,276.6300048828125,276.9599914550781,33431400
2025-11-28,278.8500061035156,279.0,275.989990234375,277.260009765625,20135600
2025-12-01,283.1000061035156,283.4200134277344,276.1400146484375,278.010009765625,46587700
2025-12-02,286.19000244140625,287.3999938964844,282.6300048828125,283.0,53669500
2025-12-03,284.1499938964844,288.6199951171875,283.29998779296875,286.20001220703125,43538700
2025-12-04,280.70001220703125,284.7300109863281,278.5899963378906,284.1000061035156,43989100
2025-12-05,278.7799987792969,281.1400146484375,278.04998779296875,280.5400085449219,47265800
2025-12-08,277.8900146484375,279.6700134277344,276.1499938964844,278.1300048828125,38211800
2025-12-09,277.17999267578125,280.0299987792969,276.9200134277344,278.1600036621094,32193300
2025-12-10,278.7799987792969,279.75,276.44000244140625,277.75,33038300
2025-12-11,278.0299987792969,279.5899963378906,273.80999755859375,279.1000061035156,33248000
2025-12-12,278.2799987792969,279.2200012207031,276.82000732421875,277.7950134277344,39532887
